-0.5625,;@ivortossell When they're coming out of their stupor they will attack each other viciously,,
0,";Drinking  The Corruption by @dcbrau @ Danvers, MA É?? https://t.co/8QWXAAlNjN",,
0,;https://t.co/aypwVVfTm3 @DarlaMiles7 @LoriStokes7 @SadeABC @KaityTong @ToniYates7 @ReneeStollTV  @mcharlesworth7 @AJRossABC7 @AmyFreeze7,,
0.125744048,;{#NYFW: Bloggers In Crime} Something a little different and super special just went liveÉ?? https://t.co/oRZACCWwZT,,
-0.125,";Other on 800 BLOCK OF N FULTON AV, Baltimore, MD (via https://t.co/vDNm2jUIqh): DISORDERLY. Call Number: P160510... https://t.co/5cZ7hC4zVA",,
-0.125,";Other on E LAFAYETTE AV/N CHARLES ST, Baltimore, MD (via https://t.co/vDNm2jUIqh): DISORDERLY. Call Number: P160... https://t.co/ufLeNJtYV5",,
-0.0625,";Other on 3800 BLOCK OF COPLEY RD, Baltimore, MD (via https://t.co/vDNm2jUIqh): SILENT ALARM. Call Number: P16051... https://t.co/D1eIbYWZpP",,
-0.0625,";Other on 4000 BLOCK OF WHITE AV, Baltimore, MD (via https://t.co/vDNm2jUIqh): SUSPICIOUS PERS. Call Number: P160... https://t.co/jRGgUO2vCo",,
-0.125,";Other on 600 BLOCK OF DUMBARTON AV, Baltimore, MD (via https://t.co/vDNm2jUIqh): DISORDERLY. Call Number: P16051... https://t.co/PglTxlPDcA",,
0,";how does Sony support rape?  breach of contract is actually illegal, it's not just something they enforce because they love money",,
0,;#IF LIVIN YO LIFE LIKE IT's G???ÅLden was a CRIME I KNOW THeY'd give ME #LI I F E !!!! L I F EÉ?? https://t.co/MlnSJtxkSU,,
0.7,;@JAmy208 @ECLankford good. Then u support the illegals,amp;dont cry for help when refugees rape u. I guess ur an elite ,amp;safe fr that
0,;Explain @MaryamNSharif who will do? Who said? Corruption @highrate with #NawazGovt @mubasherlucman,,
0,;Face/Roll Dodge w/ Frank Bonner. #boxskillz #preseasontraining #postupmoves #attack #finishing @É?? https://t.co/Bl1KWMXQyj,,
0,";Attack of the Sams @ Toys""R""Us/Babies""R""Us https://t.co/9W5giqgq7g",,
0,;FBI Doubles Reward for Arlington Bank Robbery Suspect https://t.co/RbuQxSApPk,,
0,;Partner in crime ???? #gethighoncap #CapTurns1 #aboutlastnight @ SKY TING YOGA https://t.co/gS05ONC1DQ,,
0,;Rockville ?? o tipo de vilarejo que te lembra filmes de terror. //É?? https://t.co/HUbJd8lHW8,,
0,;Drinking  The Corruption by @dcbrau at @theironabbey É?? https://t.co/kd5JYFrOx4,,
0,;Investigators probing #Disney cruise worker Rebecca #Coriam disappearance have É??murder suspectsÉ?? list https://t.co/1uZ8s2n7wF,,
0,;...victory attained by violence is tantamount to a defeat for it is momentary. but it is betterÉ?? https://t.co/KDVPW37xCA,,
0,";That moment your hair is on fleek,",,
-0.7,;but you're still about to murder the gym floor as bad as youÉ?? https://t.co/mM0XeJ3eBX,,
0,";That moment your hair is on fleek,",,
-0.7,;but you're still about to murder the gym floor as bad as youÉ?? https://t.co/aYSQYngUsJ,,
-0.107142857,;So sick. Isn't this Nietzsche -- civilization is disguising cruelty? É??@carimachet: @samhusseini its ok to murder everything just dont yellÉ?ù,,
0.15,";There are people who will attack you, make fun of you and see only what you LACK in life but oneÉ?? https://t.co/V7BqzwfMW6",,
0.8,;Happy Sunday Lovables.....,,
0.5,";Hatred, Violence, Jealousy is never the answer....Try Love É?≠",,
0,;repostÉ?? https://t.co/DfSa2pypDh,,
0,";@WestWingReport instead of firing shots @realDonaldTrump why is it Christie, Mi Gov Snyder, Cuomo etals not in jail for corruption?",,
0,;$1 ARMED robbery. Let's not leave that part out. https://t.co/nYZStJCEls,,
0,;@MiamiFilmFest ,,
0,;Cromwell Never Lost Battle,,
0,;Attack On All Three Sides,,
0,;GOP Campaign 2016 ,,
0,;#Expose The Truth ,,
0,;Donald Democrat William,,
0,;#Strategy,,
0,;@MonicaCrowley @SMLBound @JebBush no -he said trump supporters want amnesty,amp;a wall .it wasan attack on us ,amp;Trump-ms foxnews
0.25,;happy 21st to my ultimate partner in crime since I was ten months old. I honestly have no ideaÉ?? https://t.co/DFqAfYFo7a,,
-0.0625,";Other on 00 BLOCK OF 2ND AVE, Newark, NJ (via https://t.co/mVvQYf4cXY): Perp Search/Chase. Foot pursuit of a Bla... https://t.co/CfTaibtKtr",,
0.25,;Birthday shenanigans with my partners in crime. Thanks for coming loves! @lorieacioÉ?? https://t.co/C416Ply45l,,
0,;#regret does not equal #rape ladies???????????? @ Regret https://t.co/vu2Tvv2cL7,,
0,;Sheer Terror brickwall_mike @ Saint Vitus Bar https://t.co/rwm69IYERw,,
0,";Assault on 100 BLOCK OF WARNER ST, Rochester, NY (via https://t.co/zv8fItzCH3): Shooting/Stabbing. PD O/S with p... https://t.co/gHRTMbQNzi",,
-0.125,";Other on BLVD OF THE ALLIES AND PARKVIEW AVE, Pittsburgh, PA (via https://t.co/XTwSfirEp9): Perp Search/Chase. P... https://t.co/tbfPN6Qxcy",,
-0.05,";Arrest on BATTLEGROUND AVE, Greensboro, 27408, NC (via https://t.co/8tyBzMmy5n): DRIVING WHILE IMPAIRED https://t.co/rxgHcHQSmk",,
-0.05,";Arrest on W GATE CITY BLVD, Greensboro, 27406, NC (via https://t.co/8tyBzMmy5n): LIQUOR-POSS BY MINOR https://t.co/XY1awSbVHg",,
-0.05,";Arrest on 1400 BLOCK OF GROVE ST, Greensboro, 27403, NC (via https://t.co/8tyBzME9tX): POSSESS CONTROL SUBSTANCE SCH https://t.co/YrCwA0BhtH",,
-0.05,";Arrest on ROSS AVE, Greensboro, 27406, NC (via https://t.co/8tyBzMmy5n): LARCENY OF MOTOR VEHICLE https://t.co/rhs9C5e21D",,
-0.05,";Arrest on ROSS AVE, Greensboro, 27406, NC (via https://t.co/8tyBzMmy5n): DWLR LICENSE NOT RECLAIMED https://t.co/2QxEpcrzxV",,
0.4,;21 shots or it didn't happen. Happy 21st birthday to my partner in crime! You know everythingÉ?? https://t.co/db1ZL3jGiX,,
-0.125,";Other on BLVD OF THE ALLIES AND PARKVIEW AVE, Pittsburgh, PA (via https://t.co/ClB2sZWs13): Perp Search/Chase. P... https://t.co/V5SRlxHRgn",,
0,;@kplowellsun the aforementioned crime scene? https://t.co/nXHVfgcoCK,,
0,;Why deaths of Latinos,,
0,;at the hands of police,,
0.2,;haven't drawn as much,,
0,;attention - LA Times,,
0,;,,
0,;https://t.co/A8ucTmaTmr,,
0,;,,
0,;#BlackLivesMatter,,
0,;,,
0,;#latism,,
0,";Assault on 4600 BLOCK OF CHESAPEAKE CT, Columbus, OH (via https://t.co/1ixNsLusEn): Shooting/Stabbing. CPD, Medi... https://t.co/lt3O6NQIOt",,
0,;@TamarBraxtonHer after having a heart attack and having to go back to the table 3 times and suffering a stroke I am back in rehab again,,
-0.075,";Shooting on WALES ST, Boston, MA (via https://t.co/9yuawQfUGn): Shooting/Stabbing. Bems O/s Victim Gsw To The Ch... https://t.co/FV34TahigW",,
-0.125,";Other on GLENWOOD/T ALEXANDER AVE, Raleigh, NC (via https://t.co/ClB2sZWs13): Miscellaneous/All Other Non-Offenses https://t.co/ljYqOOqMTl",,
-0.075,";Shooting on WALES ST, Boston, MA (via https://t.co/ClB2sZWs13): Shooting/Stabbing. Bems O/s Victim Gsw To The Ch... https://t.co/CtxO7SRtOh",,
0.15,;Needless to say a great deal of shenanigans took place this evening at the Mansion. MurderÉ?? https://t.co/MKpzuPEBNp,,
0,;Takin' on my last snÉù?ã?èw ball with my partner in crime @ Ridley HighÉ?? https://t.co/tQ0eC3thoT,,
0,;Partner in crime ???? @ HAUS https://t.co/cMKbJQTWU4,,
0.136363636,;Continuing the theme of murder... #yuleball2016 @ SUNY New Paltz https://t.co/0dWLttsGRk,,
-0.4,;#ADANI #BJP Adani behind the attack of Soni Sori. #HumanRights,,
0,;Partner in Crime ??????èØ @ University of Scranton https://t.co/L60LSU4quW,,
0,;Medical ID Theft Can Be Life-Threatening https://t.co/nB0A25ri7o,,
0,;Medical ID Theft Can Be Life-Threatening https://t.co/pO2vrhQgqC,,
-0.083333333,";I'm at Saint Vitus Bar for Sheer Terror, Indecision, Black Anvil and En-rage in Brooklyn, NY w/ @jaymorrisdesign https://t.co/AXvR6zCnHY",,
0.8,;Happy #saturday #drinks with my partner in crime @toonca #birthday #birthdaydrinks @ RedsÉ?? https://t.co/NDipKJXoQL,,
0.2,;Hahahaha É??@PFTCommenter: I hope Trump continues2 attack Jeb in the debatesÉ?ù,,
0,;Drinking a Scottish Crime by Home Brewed @ Brewer's Cup Home Brew Fest É?? https://t.co/uMQAUjztRp,,
0,;Drinking a Scottish Crime by Home Brewed at @brewerie É?? https://t.co/KgW7mlLQpg,,
0,;@Tat2dgySFO I take 2 in morning and 2 at night and haven't had an attack in over 10 years,,
0,;Retail Theft  https://t.co/UJgg6Ix8Ch,,
0,;Retail Theft  https://t.co/CA6H5ZUPJz,,
-0.3,";If I were forced to work with my rapist, I'd end up being the one arrested. For murder. #FreeKesha",,
-0.229166667,;Tonights scary social is grabbers! Bring alcohol these monsters wont attack u if ur plastered  #ScarySocial https://t.co/Um24wzKVUG,,
0.733333333,";Take a bite out of crime. #adt @ Mount Pleasant Neighborhood, DC https://t.co/vkH8YRl7r6",,
-0.9375,;@JantaKaReporter @ArvindKejriwal terrible ! You can attack with words! Indians must stop this bad tactic on women ! https://t.co/SBd9wyM5CN,,
0.125,;Partner in crime! Ready to see my boy @dannywood! @ The Red Room @ Cafe 939 https://t.co/Po6qMVwJNb,,
-0.5,;Terror team! I'm sorry I won't be at the reunion tonight. I'm taking care of my lady inÉ?? https://t.co/EKoE50wo3X,,
0,;Pigeon on pigeon crime #jerseycity @ Liberty Landing Marina https://t.co/VXI9IWHALd,,
0,";My peoples are you with me, where you at? In the front, in the back killa-bees on attackÉ?? https://t.co/EPeSDvNZuB",,
0,;It would've been a crime not to be outside today. @ Three Creeks Metro Park https://t.co/7HB042zUHl,,
0,";Before the matinee show, steaming clothes with my partner in crime @mcasinillo .. How theÉ?? https://t.co/gYTKQOrjb3",,
0,";Before the matinee show, steaming clothes with my partner in crime @mcasinillo .. How theÉ?? https://t.co/gYTKQOrjb3",,
0.136363636,;My partner in crime tonight @_tim_miner can crank out our new @110atlantic cocktail the DoloresÉ?? https://t.co/Wa7FZ55IPd,,
0,;Guess who chased ducks onto the ice and gave me a heart attack? @ Charles River Esplanade https://t.co/wWNWDdsTMv,,
1,;Swiss snack attack. I blame stable_dc's delicious pop-up at @eatsplacedc. #alpine #swissÉ?? https://t.co/V3ORGaAx9j,,
0.333333333,;Happy 20th birthday to my partner in crime! Thanks for keeping meÉ?? https://t.co/Kb9dEvJjaw,,
0.5,;Lovely. - Drinking a Crime of Passion by @Prisoncitybeer at @prisoncitybeer  É?? https://t.co/R3p2wCegzW,,
0.2,";It's an AAAAAAMAZING day in #Pittsburgh. An absolute crime not to be out, soooo....",,
0,;,,
0,;Nanni andÉ?? https://t.co/ZYKsMDmZND,,
0.40625,;Best day at the Met with my little partner in crime #jaquelinederibesexhibit #jaquelinederibesÉ?? https://t.co/AqNSvPzde4,,
0.298023224,;We we attack we WIN...bring back the Hoyas of the 80's early 90's!!!!!!!!,,
0.35,;No-doubt sweet. Malt attack but overcome by the maple.... (Trail Blaze Maple Brown Ale) https://t.co/5dMeEUQZcF #photo,,
0,;Flying saucers attack at the #KennedyCenter with nakedvelo #washingtondc #nakedwrenchDC @ TheÉ?? https://t.co/hpmhxyY4GD,,
0,;Moving display of unsolved #eotr homicides kicks off @Ward8Dems meeting on DC crime legislation w: Ward5 CM @kenyanmcduffie,,
0,;Just what the doctor ordered... - Drinking  The Corruption by @dcbrau at @reagan_airport  É?? https://t.co/bu6CzywGDM #photo,,
0,;@3wendyw domestic violence affect men as well as women.verball is 1 sigh. Dummy ass.,,
-0.05,";Thanks for being my partner in crime, my A1, my person and lately my distraction. Ilysm ????Éù?ã?è @ FBGM https://t.co/hBhETHNR30",,
0,;Yorkie attack!! #magfest @ MAGfest https://t.co/yvYjDG88Fh,,
0.018181818,;HB1564 [NEW] Creation of a State Debt - Baltimore City - A Penn-North Initiative Youth Violence Prevention Center https://t.co/wSiP4W1Dbi,,
0.683333333,;It should be a crime to have to work on this beautiful day. Good thing I love what I do and IÉ?? https://t.co/gRVa73kWuQ,,
0.9765625,;Attack the day! Get better! Group workouts tomorrow!! Beginners 4pm advance 5pm. Let'sÉ?? https://t.co/rD6yow6uOg,,
0,;@superchieftv in #Brooklyn @hasebarrios and his solo exhibition WE ARE VIOLENCEÉ?? https://t.co/ZIIQi1MJ7U,,
0.2,;The Tabata assault bike grind is for real. My Saturday morning #crossfit class is feeling Dr.É?? https://t.co/snS42e373t,,
0,";The truth is inconvertible. Malice may attack it, ignorance may deride, nut in the end  there it is. - Winston Churchill",,
0,;Are You at Risk of a Heart Attack? Why Women Often DonÉ??t Know https://t.co/0ToAZiBLZA,,
0,;Missile Assault MaN!!!!,,
0.5,";Want to work in #WashingtonDC, DC? View our latest opening: https://t.co/NeMhE3zoiJ #SocialSciences #Veterans #Job #Jobs #Hiring #CareerArc",,
0,;Uncle Murder at Vine in Hartford Ct. March 5th @ Vine Bar ,amp; Lounge https://t.co/MeHYXPl99Z,
0.5,;WATCH: McGill students draft sexual assault policy,,
0,;,,
0,;https://t.co/pvXqtP0vDg,,
0.033333333,";@tracestyle Puerto Rican only attack when feel that they've advantage on me,when they're many vs one,or when can attack from behind",,
0,";The danger of violence / confrontations / run in with authority is always there, and it keeps me cordoned off away from lots of things.",,
0.568181818,";My best friend, partner in crime and my wife sporting her new #sullen shirt. She make this shirtÉ?? https://t.co/kFhw29Fgih",,
-0.3,";If your confused on racism watch ""hate crime I. The heart land"" on Netflix it's powerful",,
0,;HONORABLE MENTIONS ,,
0.35,;My Chemical Romance - Three Cheers For Sweet Revenge,,
0,;Cloud Nothings - AttackÉ?? https://t.co/krTD7NrNOv,,
0,;Murder the Warriors  https://t.co/gYb0gTvQqW,,
0,;Even though I wasn't the one that killed Lawson I still solved the murder and won chicken!É?? https://t.co/KJbMC43OAu,,
-0.05,";Arrest on 100 BLOCK OF S ELM ST, Greensboro, 27401, NC (via https://t.co/8tyBzMmy5n): INTOXICATED AND DISRUPTIVE https://t.co/0GvaC4KftV",,
-0.05,";Arrest on 3600 BLOCK OF LAKEFIELD DR, Greensboro, 27406, NC (via https://t.co/8tyBzMmy5n): ASSAULT INFLICTING SE... https://t.co/T0sI3ySoOG",,
0,";Shooting on E 54TH ST AND LINDEN BLVD, Brooklyn, NY (via https://t.co/AFucUBSMwv): Shooting/Stabbing. PD units o... https://t.co/uZ8ink5lg0",,
-0.125,";Other on 4100 BLOCK OF MASSEY PRESERVE TRL, Raleigh, NC (via https://t.co/ClB2sZWs13): Sex Offense/All Other https://t.co/SiVEs6UT5L",,
-0.0625,";Other on 400 BLOCK OF E LANVALE ST, Baltimore, MD (via https://t.co/vDNm2jUIqh): SILENT ALARM. Call Number: P160... https://t.co/4CECj2229L",,
-0.125,";Other on 2300 BLOCK OF ASHTON ST, Baltimore, MD (via https://t.co/vDNm2jUIqh): DISORDERLY. Call Number: P1605003... https://t.co/0lm1XZ0vqQ",,
-0.0625,";Other on 3300 BLOCK OF GREENMOUNT AV, Baltimore, MD (via https://t.co/vDNm2jUIqh): SILENT ALARM. Call Number: P1... https://t.co/IeHRbDvu3U",,
-0.2125,";Other on 800 BLOCK OF GLADE CT, Baltimore, MD (via https://t.co/vDNm2jUIqh): SUPV COMPLAINT. Call Number: P16050... https://t.co/vPt94eYFlC",,
0,";@SadeABC @billritter7 @AmyFreeze7  Is there amy correlation between you leaving Chicago and the spike in its crime thereafter, Sista Amy?!",,
-0.3,;Late night in the hood with the S.O.S Bed-Stuy team. We all believe in stopping the violence.É?? https://t.co/EJTj2sysrl,,
0,;Killin' it in the 1940s! ,,
0,;#ChiOmegaDie @ Mysteriously Yours Murder Mystery https://t.co/EDLXcY7B9w,,
0,;My styling partner in crime @theallidilla #stylist #nycblogger #nycfashion #nycstylistÉ?? https://t.co/QNd6iP4TdJ,,
0,;Police in Schuylkill County are looking into the possible abduction of a woman. https://t.co/6NXs4FML2s,,
0.136363636,;SB00223 [NEW] An Act Concerning Employee Wages And Disciplinary Suspensions For Harassment Or Workplace Violence. https://t.co/gEUTPgdrnr,,
0.558333333,;@mkearley2008 @S_T_O_P_TERROR lol. He is from #Egypt originally. They love strongmen.,,
-0.6,;Drinking  The Corruption by @dcbrau @ Cold Stone Creamery É?? https://t.co/fu0K3qMhzq,,
0.068181818,";A2814 [NEW] Establishes the ""Domestic Violence Tuition Waiver Program."" https://t.co/3bJDxI5pQF",,
0,;@limeflavroo @DoppelDragon @AjDingoDog SC is the one state where a man can still legaly rape his wife.,,
0,;,,
0,;I wish that was a joke but it's not.,,
0,;Big shout out to mentor and partner in crime Rachid on reaching topÉ?? https://t.co/Jilf8lrACE,,
0,;i have 0 faith in our justice system for rape survivors. our system repeatedly protects predators ,amp; further traumatizes victims.,
0,;WHEN WE LINK ! @ Dallas BBQ 23th st and 8ave. https://t.co/9Rw81ZU1uL,,
0.105357143,";You're right, piracy isn't a victimless crime. When you ban it, I'm a victim of having to pay $20 for a movie you already made millions on",,
0,;THE LAW ???? @ Dallas BBQ 23th st and 8ave. https://t.co/HMnZEVk53d,,
0,;Scenes from yesterday's shameful crime scene #iatethat #mickeydees #stressed @ Time Square in Nyc https://t.co/U7kCXfRsz7,,
0.283549784,;A3081 [NEW] Allows defendant to apply for expungement of more than one crime under certain circumstances. https://t.co/SnXQnpZICw,,
0.045454545,";A3090 [NEW] Expands types of abusive acts that constitute domestic violence under ""Prevention of Domestic Violenc... https://t.co/Sh2BInHwvz",,
0.068181818,";A3094 [NEW] Amends the ""Public Corruption Profiteering Penalty Act."" https://t.co/JYaU0Iykgv",,
0.068181818,;A3089 [NEW] Provides for a mandatory term of imprisonment for assault involving domestic violence. https://t.co/WjLrNw6Zht,,
0,;#RideAlong2 ,,
0,;#AppleChime,,
0,;@KevinHart4real,,
0.136363636,;A recap of my New York trip with my partner in crime @em_luciano is now onÉ?? https://t.co/Cj6bKYZj36,,
0.75,;So glad to have my best friend and partner in crime here with me this weekend! #sisterweekendÉ?? https://t.co/HO313o4gGV,,
-0.75,;Yesterday's awkward bunch! ???? thetwohouse whatsthehollyo beegeduchenne @ Crime ,amp; PunishmentÉ?? https://t.co/MdxOaFRctu,
0,;iÉ??ma murder these wings though.,,
-0.116666667,";@_RoughHouse @Sicksteen_216 This the second time, after first, me seeing a murder selfie today. Our generation is crazy.",,
0,;@jverheul @boudreau_paul @JDBilodeau didnÉ??t know if it was that or identify theft fears,,
0,;US hospital pays $24k ransom after cyber attack locks medical records https://t.co/RMZ2aJN5JD,,
0,;@mcuban if it was about this isolated attack Apple would open the phone themselves. Not create an iOS that unlocks any phone and give that,,
0.066666667,";@mcuban because you know they really only doing this for the ability to hack any iPhone, really has nothing to do with the recent attack.",,
0,;Yo Money ,amp; Violence Was Fucking Deep !,
1,;Best fashion week partner in crime I could ever ask for Éù?ã?è @felixcarrizo #spanishmafiadoesfw |É?? https://t.co/EhLZ8fX4eg,,
0.234090909,";Are you loving the new TV series ""The People V. O.J. Simpson: American Crime Story"" as much asÉ?? https://t.co/dLdmkopbMu",,
0,";Work flow at murder mall (@ Bank of America in Baltimore, MD) https://t.co/L6PcrjtLOl",,
0,;@iciquebec @TraficQuebec la libert?? au Qu??bec s't'un crime... la machine aime pas ??a...,,
0,;When you and your partner in crime are featured in your college'sÉ?? https://t.co/fFuS4qoeWF,,
0.566666667,;@wolfblitzer you said ISIS is expanding in lybia when you could have easily stressed that airstrikes found good target over the terror group,,
0,;Always keep this in mind... #FoodForThought @ Rape Trail https://t.co/3LqmBIMxdg,,
0,";To combat gun violence we need a ""50 state solution"" oppose to a state-by-state approach @GovPeterShumlin #POLGovs",,
0,;Final piece of training this morning,,
0,;20 cal assault bike,,
0,;40 chest to bar,,
0,;#12laboursÉ?? https://t.co/oEouRLbStB,,
-0.075,;Story made barely a bleep here in the US media: BBC News - Ankara blast: Turkey accuses Syria Kurds of deadly attack https://t.co/Dhn5sV4QpZ,,
0,;A1946 [Engross] Adds cyber-harassment to the domestic violence statutes. https://t.co/GieYIJglCW,,
0,";A156 [Engross] Expands crime of invasion of privacy to include ""upskirting""; photographing or filming the image o... https://t.co/hQlzUVAsqe",,
0,;@DAT_TRUTH cause they feel neto can guard but he doesn't attack them on offense so...yea,,
0.45,;Important 2 id tactics how 2 prevent sexual violence as strategy @AmbCathyRussell @NiAolainF #ThinkGender @IRIglobal https://t.co/786MyQTG7Z,,
0,";A1635 [Engross] Authorizes wiretap orders for investigation of luring or enticing a child, identity theft, stalki... https://t.co/Vxt0fW8Eu3",,
0.090909091,";We got a lil saucy last night @freak_murder @nycbully1 @jermaine2eight1 @ New York, New York https://t.co/6qZI7vHlcp",,
0.136363636,";It's a New York Robbery.FYL. 20g, @nems_fyl, #newyorkcity, #madeinusa, #custommade,É?? https://t.co/cya8n0ALWD",,
0,;B21-0617 [Enroll] Crime Scene Investigator Hiring Clarification Emergency Amendment Act Of 2016 https://t.co/3txi3P4ddA,,
0,;B21-0617 [Enroll] Crime Scene Investigator Hiring Clarification Emergency Amendment Act Of 2016 https://t.co/3txi3P4ddA,,
0.1,;Stop living in financial #fear -- make real #money selling #silver and #gold online https://t.co/w7gJE4VoEG #terror https://t.co/gteZtl7AJj,,
0.172222222,";Day 5 of this week's Assault Athlete Program! Better get your sequences down, this one is aÉ?? https://t.co/gE7Psrthbm",,
0.366666667,";Check out ""Biff / Premeditated Murder In Tha 1$t Degree / Clean version"" by Biff - https://t.co/PuaoB4Uis7",,
0.241666667,;@jota331 @France24_en Brown Power fascists don't usually come to conflict with a mature perspective or resolve. Drug rape is more their styl,,
0.6,;Good luck to my favorite partner in crime at your audition today.É?? https://t.co/w8FnWquzYk,,
0,;Fuel up for your Friday night shenanigans with a Mac Attack???ù,,
0,;,,
0,;#bbq #eatinct #cteats #madeinctÉ?? https://t.co/NxPaTH6fvT,,
0.075,;Funny how encryption debate devoid of fp analysis. NPR asks pro privacy person about terror threat -- while US gov backs jihadis in Syria.,,
0.328787879,;S1557 [NEW] Provides full forfeiture of pension of elected or appointed official convicted of any crime touching ... https://t.co/zofcv477a8,,
-0.125,";Other on 7300 BLOCK OF KRUME CT, Raleigh, NC (via https://t.co/ClB2sZWs13): Larceny/All Other https://t.co/tRc8zfL1x6",,
-0.2,;Two doodles were shot dead during  a burglary in the town of Florida. This morning @CBS6Albany the hunt for suspects https://t.co/koglIHPjI0,,
0.3125,;Get your tickets NOW to help me fight domestic violence and sexual assault! ,,
0,;,,
0,;I'll be performingÉ?? https://t.co/iIHe3zpdoM,,
0.068181818,;A2813 [NEW] Requires persons to report incidents of domestic violence to law enforcement and makes it a disorderl... https://t.co/GAZX3JAmFa,,
0,;Im a Christian but even I know that the Koran teaches peace. It was Muslims that helped Jews 2 escape terror yet the news doesnt tell u that,,
0.05,;It is the news that fuels the false belief that Blacks commit more crime but u can go2 https://t.co/5CB2JOaU2n 2 know that it is untrue,,
-0.391666667,;I thought Bdsm stood for Big dumb stupid murder ???? cause they be bout to kill somebody @ BrooklynÉ?? https://t.co/6ewPXSvvy9,,
-0.05,";Arrest on 1600 BLOCK OF SPRING GARDEN ST, Greensboro, 27403, NC (via https://t.co/8tyBzMmy5n): ASSAULT WITH DEADL https://t.co/YmEFWG0T62",,
-0.05,";Arrest on 600 BLOCK OF MARTIN LUTHER KING JR DR, Greensboro, 27406, NC (via https://t.co/8tyBzMmy5n): HIT AND RU... https://t.co/rqrG5NStnu",,
-0.275,";Arrest on 600 BLOCK OF MARTIN LUTHER KING JR DR, Greensboro, 27406, NC (via https://t.co/8tyBzMmy5n): FAIL TO APPEAR https://t.co/Sjg5dD5oSm",,
-0.183333333,";Arrest on S HOLDEN RD, Greensboro, 27403, NC (via https://t.co/8tyBzMmy5n): FAILURE TO APPEAR https://t.co/SulE4zufOG",,
-0.05,";Arrest on S HOLDEN RD, Greensboro, 27403, NC (via https://t.co/8tyBzMmy5n): DRIVING WHILE IMPAIRED https://t.co/6VkRYXKZC9",,
0.133549784,;A2991 [NEW] Requires Attorney General to provide identity theft passport to certain victims of identity theft. https://t.co/YJcGXWx99h,,
0,;PR21-0565 [Passed] Crime Scene Investigator Hiring Clarification Emergency Declaration Resolution Of 2016 https://t.co/3gTbjS56D8,,
0.5,;A1957 [Engross] Expands the Address Confidentiality Program to include victims of sexual assault and stalking. https://t.co/06dkyP7mKt,,
0,;@SadeABC @billritter7 This city has exploded with crime.,,
0.25,";I love that on TV, people only use the gift of heightened intellect to solve crime.",,
0,;@DarlaMiles7 @LoriStokes7 @SadeABC @ShirleenAllicot @ToniYates7 What's not mentioned is what set that attack off to beigin with.,,
0,";#DearAndy,",,
0,";I remember my dreams, but I can't make sense of them. The senseless violence, whereÉ?? https://t.co/V2r4LqKW58",,
0,;https://t.co/cQQUgKfAPQ @DarlaMiles7 @LoriStokes7 @SadeABC @ToniYates7 @CommissBratton Why?There's no patrolling of buses anywhere. Nada!,,
0,;Drinking a Sneak Attack by @21stAmendment @ Miss You Paul É?? https://t.co/mwnlmU3QMc,,
0,;Retail Theft  https://t.co/vzfZ2zDyMP,,
0,;Retail Theft  https://t.co/Ubwt6xA71u,,
-0.129166667,;Missing my partner in crime a little extra today #wereinlove @É?? https://t.co/osNf2Vf8TQ,,
1,;Just wonderful. - Drinking  The Corruption by @dcbrau at @vanmetrehomesva  É?? https://t.co/TJ8VuGkNET #photo,,
-0.451851852,;Survived another assault in down town Salem. Soooo... Chicken wings (@ BonChon Chicken Downtown Salem Massachusetts) https://t.co/7kMOFpm61G,,
0,;Two @hcrossmlax attack men celebrate a goal from last week's matchup with @pcfriarslax. #laxÉ?? https://t.co/qLAsr43Pq2,,
0.25,;Snack attack! Healthy snacks and tea to get your weekend going #local #organic #plantstrongÉ?? https://t.co/CFch2EPf7H,,
0,;#TBT to our moment of terror at #KennywoodPhantomFrightNights @ Kennywood Park https://t.co/UZU0Mggye5,,
-0.1,;Alleged Bloods gang member arrested in Dorchester after armed robbery in Everett https://t.co/J757QEMn9A,,
-0.2,;Watch the intro cinematic for the Attack on Titan video game  https://t.co/Wk142JG2ue,,
0.25,;First time in Brewerytown??çØ (@ Crime ,"amp; Punishment Brewing Co. - @candpbrewingco in Philadelphia, PA) https://t.co/dyFe7KgF3p",
0,;Drinking an Unprovoked Toy Chainsaw Attack by @mckenziebrew at @mckenziebrew É?? https://t.co/0xbEZ3RhW8,,
0,";The Revenant - because what's a week ""in the woods"" without seeing a bear attack?? (@ Paramount Theatre) https://t.co/7zkX2o5ocl",,
0.4,";GN............TOMORROW NIGHT FREE FREE B-4-1.30AM,,,,,,,foreignaccent terror_tÉ?? https://t.co/fba2abH6if",,
-0.09375,;@Pontifex you're not a Christian if you molest little boys ,amp; or cover that crime up...check yourself,
0,;In my city all you see is murder and ain't nobody seen it but everybody heard it,,
-0.35,";@HarryBallzak1 @Janella_Dubois she called out stupid maniac Kanye on her work/murder twitter, what a time to be alive",,
-0.3,;Well I was late for my training so my partner in crime who was scheduled after me- let me trainÉ?? https://t.co/iKtkCG9Vg0,,
0,;Celebrating #nationaldrinkwineday with my partner in crimeÉ?? https://t.co/hsBFZJX8ZX,,
0.090909091,";SJR38 [NEW] Establishes the ""New Jersey State Commission on Urban Violence."" https://t.co/5pNb8uHRsy",,
1,;A great saison! - Drinking a Sneak Attack by @21stAmendment at @grain_grape  É?? https://t.co/yAA25ycr5r,,
0.5,";Join the CVS Health team! See our latest #Retail #job opening here: https://t.co/mYX3eVSWTz #Washington, DC #Hiring #CareerArc",,
0,";Body pump then body attack. #makemenotfatplz (@ Merritt Downtown Athletic Club in Baltimore, MD) https://t.co/8xVgeoTjLc",,
0,;@Yung_Messiah bruh.. The Clippers gave Memphis a 1st. That's no robbery,,
0,;É??@TPM: Schumer slams Obama budget cuts to anti-terror funds https://t.co/G1O7z0oQny https://t.co/KxaU0fOf9mÉ?ù,,
0,;So what? Who cares?,,
-0.8,;I swear if my hair is orange I'm going to scream bloody murder,,
-1,";Shocking did uc this@deray @FoxNews: Police release video of brutalattack on Iraq War vet https://t.co/8C0YapohFU https://t.co/CCKBJhxsL1""",,
0.136363636,";A2847 [NEW] Appropriates $250,000 to Department of Children and Families for grants to rape care crisis centers. https://t.co/KHlHfGMA9L",,
0.1,;@Thug_Violence I wanted to say Thanks for your Tweets. My eyes were always open but now my head is on a swivel,,
0.068181818,;SB624 [NEW] Creating felony offenses and penalties for human trafficking https://t.co/a1fMJKv5Th,,
0,;HB317 [Engross] Parent/guardian-freeze protected consumer's credit-if identity theft https://t.co/IJ0RFV4ebu,,
0.5,;My partner in crime #mommysboy #NYCkids #NYC #love #playground GreatÉ?? https://t.co/Sm6RPkmXU8,,
0,;The Batman to my Robin ???????™ Partners in crime...FIGHTING ??????è® #tbt #gayrva #halloweenie #gaycouplesÉ?? https://t.co/b20Tb62oYk,,
0,;Vintage double knit crime dress ,,
0.214285714,;Size large $20,,
0.55,;#vintagedress #gorgeous #fabulous #knitwear @É?? https://t.co/FXhelh0khn,,
-0.4,;There is a thin line between fetish and felony ???????™???? TVP #TB #Nyc #Model #TPA #tvp2 #nyceventsÉ?? https://t.co/PYaiCrvpDJ,,
0,;Vintage double knit crime dress ,,
0.214285714,;Size large ,,
0,;$20,,
0.55,;#vintagedress #gorgeous #fabulous #knitwear @É?? https://t.co/2uCPX8Tgbn,,
0.285714286,;That's theft right there ????????????,,
0,;The pope says @realDonaldTrump isn't a Christian. Wonder how he'll attack the pope over that. https://t.co/SSM5N2PQLt,,
0,";@realDonaldTrump did uc this""@MailOnline: Crime by migrants in Germany went up by 79% last year https://t.co/FErpiyRx33""",,
0,";@realDonaldTrump ""@MailOnline: ISIS are threatening a mass murder using cyanide, warns Indonesia https://t.co/TQlU7f1ayC""",,
0,";@realDonaldTrump @MailOnline: Former CEO of Murdoch's Indian network is charged with murdering his step-daughter https://t.co/ksjQNIOlSV""",,
0,;Drinking a Sneak Attack by @21stAmendment at @jackbrowncville É?? https://t.co/hfLe5jCwlV,,
0.6,;Just got my ass served my the amazing @alexsilverfagan legit class and partner in crime @lnirenÉ?? https://t.co/P2F6h2J58d,,
0,";@realDonaldTrump @MailOnline: Paris terrorists had planned to target Belgian nuclear plants, investigators reveal https://t.co/wRH4NOORQN""",,
0,";@realDonaldTrump @MailOnline: Ankara bombing that killed 28 ppl 'carried out by Syrian who registered as refugee' https://t.co/qkMJefLDu5""",,
0.2,";When all you see in the news is death, murder, and hip hop drama you know shits getting real...",,
0.5,;???ùHappy Birthday To My Partner In Crime how_about_mina Love You!!!???ù #nyc #birthday #friendshipÉ?? https://t.co/dblr0jL4ub,,
0,;Just got the assault rifle @brandolaw518 @VENMOhnz @VENMNutz @VenmSpaz @FVCK_J0E,,
0.074415584,;S1495 [NEW] Clarifies that crime victim has a right to make a victim impact statement directly to the defendant a... https://t.co/8C7Jdot0vo,,
0,";@DaveDeckman @afropick3000 @MSZWNY @CutonDime25 I agree! But if charged w/serious agg assault, he needs to b cut immediately. Period!",,
-0.677083333,;@afropick3000 Aggrevated assault is very serious! W/a weapon is jail time!,,
0.068181818,;SB1047 [NEW] Task Force to Study Recording Deeds for Victims of Domestic Violence https://t.co/so9xNpOxmO,,
0,;Man Sentenced for $1 Armed?ˇRobbery https://t.co/M0BJcnFcLc,,
0.042857143,;@CoryBooker https://t.co/8tz2a13jqu Over Hair? 2 dead and unborn child murdered over a weave. Your right Mr Senator something needed,,
-0.222222222,;@Thug_Violence Over fucking Hair. Wow. Black Hair Matters I guess,,
0.6,;Kind of mood... Let's get it. Time to report to 30 Rock for transport to a crime re-enactmentÉ?? https://t.co/9KbUYbCLdh,,
0,";""@ABC7News: 2 arrested in triple homicide investigation from 1991",,
0,";https://t.co/Yb42bBE3RJ https://t.co/TavcE3xKUW""",,
-0.0625,";Other on 6800 BLOCK OF REISTERSTOWN RD, Baltimore, MD (via https://t.co/vDNm2jUIqh): SILENT ALARM. Call Number: ... https://t.co/qoqUK4ak6w",,
0.025,";Other on LIGHT RAIL - NORTH AV, Baltimore, MD (via https://t.co/vDNm2jUIqh): MISSING PERSON. Call Number: P16048... https://t.co/Yqt9GYM4d3",,
0.008333333,";Other on 1100 BLOCK OF E COLD SPRING LN, Baltimore, MD (via https://t.co/vDNm2jUIqh): DISORDERLY. Call Number: P... https://t.co/dogP9HcHCv",,
-0.125,";Other on 800 BLOCK OF BROOKS LN, Baltimore, MD (via https://t.co/vDNm2jUIqh): RA POLICE. Call Number: P160480266... https://t.co/U3UyRaZESP",,
0,";Mike Hubert 13"" Attack JCU @ John Carroll University https://t.co/fEArWAU6yP",,
0,";Morning asthma attack hijinks nebulizer, steroids, and xrays oh myÉ?? https://t.co/SqRfn5CtYi",,
0,";Ned Mathias 15"" Attack JCU @ John Carroll University https://t.co/ruvswsmYyd",,
0,";Dom Perna 15"" Mercyhurst Attack @ Mercyhurst University https://t.co/GCZ3UtMnhN",,
0,";#tbt to my birthday with the partner in crime, @ngirard13. @ MewsÉ?? https://t.co/TfC13WhgR1",,
0.1,;Phase 1 of an early morning sneak attack into Thunder Bay toÉ?? https://t.co/Yumhxi2ZXc,,
0,;Harvard grad sues school over handling of sex assault claim https://t.co/5bTeIIsnZq,,
0.116883117,;S1494 [NEW] Increases certain arson offenses to a crime of the third degree. https://t.co/8s6DsnHquh,,
0,;With my partner in crime and scavenger #blissfulbarnaby #foundblissÉ?? https://t.co/oVFZV0H8UZ,,
0,;With my partner in crime and scavenger #blissfulbarnaby #foundblissÉ?? https://t.co/oVFZV0H8UZ,,
0,;SB283 [Engross] Creating crime when fire is caused by operation of a clandestine drug laboratory https://t.co/Cls85YBUsG,,
-0.275,";Arrest on 200 BLOCK OF S EDGEWORTH ST, Greensboro, 27401, NC (via https://t.co/8tyBzMmy5n): FAIL TO APPEAR https://t.co/1DadP2I9t1",,
-0.183333333,";Arrest on 200 BLOCK OF S EDGEWORTH ST, Greensboro, 27401, NC (via https://t.co/8tyBzMmy5n): FAILURE TO APPEAR https://t.co/bDXwgWdQB3",,
-0.05,";Arrest on RANDLEMAN RD, Greensboro, 27406, NC (via https://t.co/8tyBzMmy5n): COMMUNICATING THREATS https://t.co/ydlwDmvVvP",,
-0.05,";Arrest on RANDLEMAN RD, Greensboro, 27406, NC (via https://t.co/8tyBzMmy5n): COMMUNICATING THREATS https://t.co/Ca2lo8Yuii",,
-0.05,";Arrest on 2400 BLOCK OF RANDLEMAN RD, Greensboro, 27406, NC (via https://t.co/8tyBzMmy5n): DRIVING WHILE IMPAIRED https://t.co/xZBnxDKEEd",,
0,;@sambapete @LeKurosawa tu le saura 30ans plus tard comme avec Jutra... Sauf que lui a pas fait un crime... Y merite pas ce m??pris,,
-0.125,";Other on 00 BLOCK OF FLORETTA PL, Raleigh, NC (via https://t.co/ClB2sZWs13): Miscellaneous/All Other Non-Offenses https://t.co/FeUxbP8UdJ",,
0,";Thank you, hannouche_attack for not turning back. I needed to make it rain with you tonight.É?? https://t.co/5oQSjh0NMm",,
0,;@cmorriskingston and @jonmclurg  singing their specialty songs: about cocaine and murder balladsÉ?? https://t.co/Q4w76gZGJh,,
-0.055555556,;Standing with Turkey. Stay strong in light of this terrible attack today. @wjcollege DozensÉ?? https://t.co/uMdGuOwlTY,,
0.5,";Got that grand theft withdrawal (@ Club Carmella in Newark, DE) https://t.co/tZRnW6GL2o",,
0,;homegirl tried to commit #murder #blackish,,
0.136363636,;AR102 [NEW] Condemns anti-police rhetoric and violence. https://t.co/zOEEvvzuBI,,
0.9,";Happy Birthday to my best friend, twin, partner in crime, roommate,É?? https://t.co/6BOvvXhIEX",,
0,";Motion by @joe_cressy to cut $220,000 from police budget to fund youth crime prevention PASSES #TObudget2016 #TOpoli",,
0,;Drinking a Sneak Attack by @21stAmendment @ Front Door Tavern É?? https://t.co/rzQMBLeQUS #photo,,
0.3,;Thx For Making Me Laugh Until I Can't Breathe ,amp; Being My Partner In Crime. ????É?? https://t.co/8SLyl2N5LJ,
0.428571429,;Told my love I'll make this day special so here we are....partners in crime to solve a mysteryÉ?? https://t.co/GlSrVc68xb,,
-0.087878788,;I live a few blocks away from #Hancock ,amp; #malcomxblvdbrooklyn a few blocks from the homicideÉ?? https://t.co/G08caHURsp,
0.2,;Always enjoy a double IPA. - Drinking a Felony IPA by @prismbeer @ Prism Brewing Company  É?? https://t.co/aWpTY8iH7m,,
0,;Wage Theft Know Your Rights workshop at @NICE4Workers #RCC4NYC https://t.co/ORaX5kP3c6,,
0,;Tube Attack! @ Roundtop Mountain Resort https://t.co/3XgDjwq3yo,,
0.8,;#LastFridayNight ... hours before the great flu attack on Thomas ???????????˙É?? https://t.co/aR47lyitA8,,
0.625,;Delicious donut mahem happened today with kiaragirl919 Thanks for being my partner in crime! ??ç?É?? https://t.co/5mtl3WBgnK,,
0,";""@WCVB: Mass. man rescued off Cuba coast accused of hospital computer attack https://t.co/U906y3eY8I""",,
0,;One of somervilles barneys,,
0.140340909,;A2961 [NEW] Concerns victim's right to rape care advocate under certain circumstances. https://t.co/mPm6kwZdZe,,
-0.016666667,;@BackrowSeats And if your problems are as big as the #Gallagher clan's then at least you can pick up petty crime and legal system tips! ???ÅÉ??,,
-0.1,";Slow creeping terror as a movie, strangely nostalgic as an album. Love them both. #vinylÉ?? https://t.co/X17VuJWIF4",,
0.1,;Stop living in financial #fear -- make real #money selling #silver and #gold online https://t.co/w7gJE4VoEG #terror https://t.co/gteZtl7AJj,,
0.333333333,;Bk'lyn boyfriend convicted in assault of pregnant girlfriend https://t.co/rpAsRFyRdl,,
0.25,;This! So much this! #rapeculture,,
0,;Campus rape dogma in the age of promiscuity https://t.co/HUJ8a5Tyif via @sharethis,,
0,;#Bahrain's Detention of American Journalists Reveals Ongoing Assault on Freedom of Speech https://t.co/xvHJ4q2cw1 via @HuffPostPol,,
0,;She Say Im In Style,,
0,;I Told Her If Trendsetting Was A Crime,,
-0.5,;Ill Never Miss Trial ???????Æ - #TheDon ????É?? https://t.co/XrF7fPwx1f,,
0.0375,;Sleep pattern off; nightmares returned. No sleep at night; sleep all day. Thought memories of rape were gone 4 good. Wrong! #m2mrapeisreal,,
0,;of course had to link up w/ my partner in crime while I was in town.É?? https://t.co/ujV70kDM4U,,
0,;@wb_harley .I am a heart attack,amp;stroke survivor. I have a second chance at life.  The NY TIMES ,amp; READERS DIGEST Ran my story. Yvette Samuels
0.033333333,;Crime scene #setlife #simplisafe @ coBRANDiT social media video https://t.co/vBjcGTjdxY,,
0.175324675,;A2852 [NEW] Upgrades crime of manslaughter to aggravated manslaughter under certain circumstances. https://t.co/2KJeUeYsEz,,
0,;Another attack hit Ankara (TURKEY )  #canimankaram #turkeyscapital #prayforAnkara ???è??èØ???????è??èØ????É?? https://t.co/Kz4EqNUJeX,,
0.416666667,;Life goal: build a crime fiction library that is half as impressive as the collection at theÉ?? https://t.co/CJ75q8ov3I,,
0.433333333,;ankara turkey #terror attacks on civilians again...we need strong leadership in the US andÉ?? https://t.co/ffHXMYzWZg,,
-0.45,";@csoghoian Sadly, they may have made me write Code for that during a drug rape ",amp;/or hypnotic repression; violating my intelligence. Criminal,
0,;It's on now Frank Castle aka The Punisher is in the streets doing some crime fighting you knowÉ?? https://t.co/vJ8VATOHpT,,
-0.4,;Another false attack on @SenTedCruz This time by #TreyGowdy When will the #GOP stop their lies?,,
0,";Expansions for Doomtown, Imperial Assault, Star Realms, Zombicide, and X-Wing are out this week!É?? https://t.co/YtuscFXNTg",,
0.4,;THIS FRIDAY 19th FEBRUARY 2016???è???è???è EVERYONE FREE FREE B-4-1.30AM foreignaccent terror_tÉ?? https://t.co/Y00oP6BvdA,,
0,";Check out ""Premeditated Murder"" by Biff https://t.co/LSKvocIDd6",,
0,";James 4:2 -""You desire and do not have, so you murder. You covet and cannot obtain, so you fightÉ?? https://t.co/tnwlqne5Po",,
-0.8,";Robbery on 1100 BLOCK OF CHESTNUT ST, Philadelphia, PA (via https://t.co/HMroscAWvJ): Violent Crime. PD o/s of a... https://t.co/ExkLaEnrMZ",,
0,;Crime br?Øl??e ???? @ The Witches Brew https://t.co/RCeeRVFEq9,,
0,";My Taco Bell eating, ukulele playing, partner in crime ???? @ KentÉ?? https://t.co/c8H96CQ4a8",,
0.068181818,;S1610 [NEW] Provides rental and lease protections for domestic violence victims. https://t.co/RDrsMWPl43,,
0.65,;Happy birthday to my favorite T??a aka my partner in crime ???? I'll see you Saturday to trollÉ?? https://t.co/75sEXXzk4M,,
0.25,;Pretty stoked on getting my Orchids and Violence record by @michael_daves yesterday. It's a neatÉ?? https://t.co/Ol6dzi9WBS,,
0,";Wanna wish my BROTHER, my DAY1, my PARTNER IN CRIME (till the crimes stopped after he metÉ?? https://t.co/Pm4ZF6ecA0",,
0.8,";Happy Birthday to my partner in crime, my A1 Day1????, my uno partner, my cuddle buddy, my littleÉ?? https://t.co/ooX4dLkqsC",,
0.078125,";@France24_en I know exactly how she feels, as a rape victim the world watches via online, for the watchers entertainment ",amp; do nothing abuse!,
0,";This is currently unverified, however I have been informed of possible corruption in the local children's welfare system.",,
0,;Partner in crime ???? @ Bier Markt https://t.co/H5Lr7NS561,,
-0.3,";Geraldton doctor murder trial: Chamari Liyanage says husband beat her, forced her into online sex acts  https://t.co/L3b2rHPpkI",,
0,";Husband urged murder-accused doctor to have affairs, Geraldton court told  https://t.co/FQ3CqujhnU",,
0,;@IAmSteveHarvey please stop promoting beating people up. Hasn't there been enough violence in the country? Enough already!!,,
-0.131818182,";HB1305 [NEW] Criminal Procedure - Crimes of Violence Involving Firearms - Diminution Credits, Parole, and Plea Ag... https://t.co/60A7Fkz8v8",,
-0.191666667,";@VistaJake Black on White crime in DOJ mind is not a Hate crime. I see it ""Yes it's a Hate crime""!!",,
0.136363636,";I'm at New York State Department Of Motor Vehickes Auto Theft Unit in Elmsford, NY https://t.co/1zgqCZxzz8",,
0.120833333,;@DarlaMiles7 @LoriStokes7 @SadeABC @AJRossABC7 @MayorDeblasio @ToniYates7 Sucker punching has to be made a felony. It can easily be fatal!,,
-0.129166667,;#WCW to this babe because I'm missing my partner in crime a little extra today. ???? @ The WildÉ?? https://t.co/k6eBZgdimW,,
0,;'Islamic Rape Of Europe': Polish Magazine Splashes 'White Europa' Girl Groped By Migrant Hands https://t.co/K6BWRCwPCk via @BreitbartNews,,
0,;Utica man arrested for 2014 murder at Two J's bar https://t.co/FnMu95uuXu,,
0,;Getting my #cup of #morning @riseupcoffee #24oz #batman #mug cuz fighting crime and #preppingÉ?? https://t.co/prltOMyAd5,,
-0.15,;After an assault of negative images my entire life...Still I Rise,,
0,;My cosplay and my postings areÉ?? https://t.co/ygMBAKl6N2,,
-0.231818182,";HB1362 [NEW] Crimes - Robbery, Burglary, or Theft of Property - Controlled Dangerous Substances https://t.co/Sumc8WOwka",,
-0.3,";@realDonaldTrump  ""@MailOnline: At least 10 'ISIS recruiters' arrested in raids across Belgium and Germany https://t.co/qaDyYOtzkI""",,
0,";@realDonaldTrump did uc this@MailOnline: Austria reports rise in crime as Germany begins turning away migrants https://t.co/HUkpWsgMcK""",,
0,;@HillaryClinton https://t.co/4iKAEDkMoJ Crime is Crime,,
-0.0625,";Other on 6000 BLOCK OF ARIZONA AV, Baltimore, MD (via https://t.co/vDNm2jUIqh): SILENT ALARM. Call Number: P1604... https://t.co/VzbCb4QchQ",,
-0.0625,";Other on 3300 BLOCK OF GREENMOUNT AV, Baltimore, MD (via https://t.co/vDNm2jUIqh): SILENT ALARM. Call Number: P1... https://t.co/pr8yjkT0Z4",,
-0.241666667,";Other on 3800 BLOCK OF W COLD SPRING LN, Baltimore, MD (via https://t.co/vDNm2jUIqh): SILENT ALARM. Call Number:... https://t.co/vmJdXqPjAO",,
-0.125,";Other on E 0RD ST/ST PAUL ST, Baltimore, MD (via https://t.co/vDNm2jUIqh): HIT AND RUN. Call Number: P160470164.... https://t.co/lCpCNgLGwa",,
0.4,;The Free Press | #Crime Roundup: Officers discover man with crack along N.C. 11 https://t.co/Vha5IvO8aZ,,
0,";R theyshooting ppl w assault weapons@HuffingtonPost:chillingmoment @realDonaldTrump rally https://t.co/YBIncGprBD https://t.co/02lT7lQKX2""",,
0,";@LoriStokes7 @KenRosatoABC7 @TheRevAl Stay out of this one, Rev. Take care of Hillary's cough attack.",,
-0.1,";@LoriStokes7 @KenRosatoABC7 @TheRevAl Could see that guy was mental from his body language, but it's still a felony assault.",,
0.136363636,;HB05273 [NEW] An Act Concerning The Penalty For Assault Of An Off-duty Police Officer. https://t.co/X6nviyYO2t,,
0.5,";This evening was some of my favorite weather, and I would've missed it if not for an off-campusÉ?? https://t.co/wOnRbpsiL0",,
0.5,";This evening was some of my favorite weather, and I would've missed it if not for an off-campusÉ?? https://t.co/wOnRbpsiL0",,
-0.8,";Robbery on 1100 BLOCK OF CHESTNUT ST, Philadelphia, PA (via https://t.co/ClB2sZWs13): Violent Crime. PD o/s of a... https://t.co/0fX84lF9J9",,
0,;That is assault Candace you will be frowned upon in court. #HAHN,,
-0.275,";Arrest on E BESSEMER AVE, Greensboro, 27405, NC (via https://t.co/8tyBzMmy5n): FAIL TO APPEAR https://t.co/IqT3OoVk2R",,
-0.05,";Arrest on E BESSEMER AVE, Greensboro, 27405, NC (via https://t.co/8tyBzMmy5n): UTTERING A FORGED INSTRUMENT https://t.co/Gz6Q9uPS7Q",,
0.170454545,";New Jersey Music Meeting with my partner in crime @nimihendrix ! 1RÉù?ã?èV Thursday, let's get it.É?? https://t.co/VkUyb1CIxm",,
-0.125,";Other on 2200 BLOCK OF SHANNON ST, Raleigh, NC (via https://t.co/ClB2t0e3pD): All Other/All Other Offenses https://t.co/c11ExBxVBG",,
0.8,;Happy 19th to partner-in-crime since 5th grade ???? #queenmorgs @ East Carolina University https://t.co/Evf9jmDWx8,,
-0.5,;Smith found guilty in North Hills murder https://t.co/RhfHiOlXj1,,
-0.5,;Smith found guilty in North Hills murder https://t.co/hrwFDJAG8s,,
0.35,";@MrMixxoplixx @SmokeyMartling @Janella_Dubois yeah and it sure shouldn't have been, so much garbage for a murder of innocents",,
0.333333333,";@rape_the_system @HarryBallzak1 @MrMixxoplixx @SmokeyMartling I only ever tried to help him. I made great effort, thanks man",,
0.136363636,;PR21-0565 [NEW] Crime Scene Investigator Hiring Clarification Emergency Declaration Resolution Of 2016 https://t.co/3gTbjS56D8,,
0,";@rape_the_system @Janella_Dubois quote ""we didn't understand or believe the dna evidence"" ",,
0,;,,
0,;Problem,,
0,;Bout that money ,,
-0.333333333,";It get serious as a heart attack @ City Of Washington, D C https://t.co/APCuGShYym",,
0,;The murder of Fred Hampton...the pain of living thru those yrs of US history is resurfacing. My heart ,amp; stomach in knots. Again...,
0.16,;@rocksmoulder @SmokeyMartling @Ryan_Lever @YouTube @rape_the_system high energy types,,
0.136363636,;B21-0617 [NEW] Crime Scene Investigator Hiring Clarification Emergency Amendment Act Of 2016 https://t.co/3txi3OMBP0,,
-0.033333333,";@Ryan_Lever @YouTube @rape_the_system I had such hopes at Ry bread, energy drinks are highly deadly, never heard of ham kielbasa round here",,
0,;Thank you @rape_the_system,,
0.212121212,;HB1380 [NEW] Creation of a State Debt - Anne Arundel County - YWCA Domestic Violence Safe House Shelter https://t.co/8ipauvs2vy,,
0,;@rape_the_system @HarryBallzak1 recent? Do show,,
-0.166666667,;J Edgar Hoover was a terror for black people,,
0.91,;@rape_the_system @HarryBallzak1 Aldi is a very good thing,,
-0.125,;@rape_the_system @HarryBallzak1 it's jalape?Òo fake crunchy cheetos and fiery hot ones. You just pretend they were too puny,,
0,";I could just call her ""friend"" but Partner in crime/Framingham DuoÉ?? https://t.co/9I8u3YdYqV",,
0,";@realDonaldTrump@MailOnline: Moroccan Cologne sex attack suspect is arrested bragging...https://t.co/Nbw0Y4E2zc https://t.co/3JnjL8nms2""",,
0,";@realDonaldTrump  @MailOnline: Austria reports rise in crime as Germany begins turning away migrants https://t.co/HUkpWsgMcK""",,
0.25,;@CordieMendoza I don't know why you think violence is funny.,,
0.175,;Why did no one warm me about all this violence in Dead Pool?!,,
0.675,;#The Sweet Attack / https://t.co/51mf3rIrMl Excellent https://t.co/TNvJKPlIjo,,
0.25,;Pleased to support Hany ,amp; staff after the attack last week. @ Nazareth Restaurant ,amp; Deli https://t.co/vnwQuDCzIf
0,;#dominoes #bones #murder #fwm #vanillathrilla #beeced #est84 @ Holiday Inn Express Hotel inÉ?? https://t.co/tjaNcihTlR,,
0.212987013,;S1422 [NEW] Makes certain body searches third degree crime of sexual assault under certain circumstances. https://t.co/77rZmDoCvT,,
0.083333333,;@os4185 he said it b4.its true. They knew abt a prob attack. Did nothing. Now he supports WW bc he caused it . Military  wo proper gear,,
0,;WARNING: They Will Attack @ Martha's Vineyard https://t.co/MhDNW6BLMl,,
0,;How come you have not spoken out about the violence on police officers but you congratulated Ken Lamar. So irresponsible of a president!!,,
0.246753247,";S06752 [NEW] Establishes a special fee on firearms, rifles and shotguns; establishes the gun violence research fund. https://t.co/hSR2y8LGEL",,
-0.166666667,;Our Oshawa Generals Shot of the Game. Justin Brack of the Owen Sound Attack fails in his highÉ?? https://t.co/20HuSKrU6q,,
0,;@DanScavino @TomCoburn  Cruz does tell people that he alone can fix corruption. ,,
0,;,,
0,;Trump will slash the budget bc he owes no favors.,,
0,";@jfalbertos si a favor del bien y en contra del mal: Kasich. Si a favor del caos, terror y destrucci??n, Trump. Si tienes sue?Òo, Carson.",,
-0.004545455,;HB1371 [NEW] Criminal Law - Assault in the First Degree - Strangulation - Lethality Screening Protocol and Training https://t.co/MBD8dFc2M5,,
0.175324675,;S1327 [NEW] Upgrades crime of invasion of privacy under certain circumstances; eliminates presumption of nonimpri... https://t.co/TC8Q0qHFnC,,
0,;Its beginning to look a lot like #christma don't rape p ahhhhhhhhh!! @ College of Staten Island https://t.co/B3uNfh3VTu,,
-0.099242424,;SB977 [NEW] Criminal Procedure - Domestic Violence - Active Electronic Monitoring (Amber's Law) https://t.co/eqBuX63RBx,,
0.136363636,;New Snitch - 2016-02-16 08:00 - Assault - https://t.co/nlcOB5W2js,,
-0.1,;@Newsday do u think @POTUS will choose that @NYGovCuomo lapdog srinivasan who is alleged to have helped covered up Cuomo corruption?,,
0.25,;Kane: I have fought corruption and child predators and drug lords but I am a mom first. @abc27News https://t.co/AWWxla5Abo,,
0,";Medical (Crime Related) - Vendome Pl @ Grenoble Dr, North York (2 Trucks)",,
0,";Medical (Crime Related) - Vendome Pl @ Grenoble Dr, North York (2 Trucks)",,
0,";Medical (Crime Related) - Vendome Pl @ Grenoble Dr, North York (2 Trucks)",,
0.25,;@DRUDGE_REPORT TRUMP THE ONLY CANDIDATE TO STOP ILLEGALS FR MURDERING OUR KIDS-CRUZ RUBIO OK W RAPES MURDER OF OUR KIDS,,
0.5,;Episode 12 - SEXUAL ASSAULT AIN'T SEXY AT ALL by Two Degrees // No Jobs #ghomeshi #assault,,
0,;https://t.co/tKUQ1tCSAz https://t.co/mg7iiCBnD8,,
0.045454545,";A09286 [NEW] Enacts ""Brittany's law"" defining domestic violence offenses and offenders and requiring such offende... https://t.co/XS2aU8OWpU",,
0,";#Insurance #Job in #Hudson, OH: Inside Claims Service Specialist - Theft at Allstate Insurance https://t.co/xmj0WBKE78 #allstatejobs #Jobs",,
0.6,";This #Underwriting #job might be a great fit for you: Underwriting Consultant - Fidelity/Crime - https://t.co/mQgaWIxgDE #NewYork, NY",,
0,";Can you recommend anyone for this #Insurance #job? https://t.co/WYn3rhKK0z #allstatejobs #Hudson, OH #Hiring #CareerArc",,
0.05,;Garcia drove to Florida after the homicide. He was pulled over near an exit outside Miami.,,
-0.7,";Chief Zikuski says this murder was ""a drug deal that went bad.""",,
0,;Garcia was found in Florida yesterday and is being detained on a warrant for murder.,,
0,";@Kaba, Kojo this murder case de3 ntoto nyele. Biribi wom. Hhhhmmm Ghana",,
0.166666667,;Partners in crime at the 26th Annual OSU DanceSport Classic ???ü??èØ @É?? https://t.co/4rEUc5p6pZ,,
0,;January 2012 my mom died of a heart attack so I started this campaign to raise awareness aboutÉ?? https://t.co/c5IKgwjcvJ,,
0.25,";HB765 [Engross] Assault and battery against a family or household member; first offense, enhanced penalties. https://t.co/J88oNu1AlO",,
0.15,;First time nailing multiple sets of bar muscle-up's strung together. Thanks to @andrew_rape forÉ?? https://t.co/50xPCqX2K4,,
0,;Attack of the assault bikes!  Today's workout is all on the bike.  Grab a partner with big lungsÉ?? https://t.co/HawjshEE7i,,
0,";HB1226 [Engross] Assault and battery; Department of Corrections investigators, penalty. https://t.co/cXLaBitZlq",,
-0.133333333,";2nd Degree Aggravated Domestic Assault, Criminal Contempt  https://t.co/iOOfbsOnnU",,
0,;HB485 [Engross] Assault; person charged with simple assault against family or household member. https://t.co/8AUw1bsGSY,,
0,;Domestic Assault  https://t.co/Qa1K3wxC7b,,
0,";Simple Assault, Disorderly Conduct  https://t.co/CvpjazdGjN",,
0,;Domestic Assault   https://t.co/MVXNpi058g,,
0,";Domestic Assault, VOC, Interference  https://t.co/jbezIzJr2Z",,
0,;Retail Theft  https://t.co/n4gO3g8Q3X,,
0.208333333,";Other on 1600 BLOCK OF CHERRY HILL RD, Baltimore, MD (via https://t.co/vDNm2jUIqh): SILENT ALARM. Call Number: P... https://t.co/AUKaVx5nro",,
-0.125,";Other on 4700 BLOCK OF DUNCREST AV, Baltimore, MD (via https://t.co/vDNm2jUIqh): RA POLICE. Call Number: P160460... https://t.co/GGpXge3cpV",,
-0.0625,";Other on 3300 BLOCK OF WINTERBOURNE RD, Baltimore, MD (via https://t.co/vDNm2jUIqh): SILENT ALARM. Call Number: ... https://t.co/B29GZutI6i",,
-0.125,";Other on 3100 BLOCK OF PULASKI HY, Baltimore, MD (via https://t.co/vDNm2jUIqh): DISORDERLY. Call Number: P160460... https://t.co/uVZu53F2YW",,
-0.125,";Other on E BALTIMORE ST/SOUTH ST, Baltimore, MD (via https://t.co/vDNm2jUIqh): DISORDERLY. Call Number: P1604602... https://t.co/w1AC7NHd3x",,
0,;HB754 [Engross] Domestic violence-related misdemeanors; enhanced penalty. https://t.co/vIGS0gVvQS,,
0,;These 16 things could get you executed in Saudi Arabia https://t.co/RdKjlhwK4o @jamesaking41 @vocativ https://t.co/53pYUGBpFk,,
-0.025,";Arrest on 800 BLOCK OF DANA PL, Greensboro, 27406, NC (via https://t.co/8tyBzMmy5n): ASSAULT ON FEMALE https://t.co/JGlNJ63G5h",,
0.136363636,;Partners in crime to every event this #nyfw ??????è¨ your the man @gabedaylewis @ Vandal New York https://t.co/7p2MHWn2er,,
0,";Ministering to women who has truly gone thru the struggles of abuse, domestic violence amongÉ?? https://t.co/HwXM1DONsW",,
-0.125,";Other on 11800 BLOCK OF PAWLEYS MILL CIR, Raleigh, NC (via https://t.co/ClB2sZWs13): Miscellaneous/All Other Non- https://t.co/igVCDLF494",,
0.5,;@Babbybat I sexually identify as an Apache Attack Helicopter.,,
0,;I have seven episodes of Attack on Titan left. I CAN NOT STOP NOW.,,
0,;uuuummm #taxi...sounds like Murder She  Wrote Chaka Demus and Pilers...#Pitbull #theGrammys...ok let stop watching now...#goodnighteveryone,,
0,";Word aye, so we're just gonna do this to Murder She wrote??",,
0.6,;Nice pair to the cheddar bacon bratwurst. - Drinking a Nuclear Hop Assault by @MikkellerBeer @ Dragon Bar  É?? https://t.co/uqOqoWXLax,,
